name,linkedin_url,instagram_url
Ankur Warikoo,https://www.linkedin.com/in/warikoo,https://www.instagram.com/ankurwarikoo
Nikhil Kamath,https://www.linkedin.com/in/nikhilkamathcio,https://www.instagram.com/nikhil.kamath
Vineeta Singh,https://www.linkedin.com/in/vineetasingh,https://www.instagram.com/vineetasng
Anupam Mittal,https://www.linkedin.com/in/anupammittal,https://www.instagram.com/anupammittal
Namita Thapar,https://www.linkedin.com/in/namita-thapar,https://www.instagram.com/namitathapar
Peyush Bansal,https://www.linkedin.com/in/peyushbansal,https://www.instagram.com/peyushbansal
Ghazal Alagh,https://www.linkedin.com/in/ghazalalagh,https://www.instagram.com/ghazalalagh
Ritesh Agarwal,https://www.linkedin.com/in/riteshagar,https://www.instagram.com/riteshagarwal
Raj Shamani,https://www.linkedin.com/in/rajshamani,https://www.instagram.com/rajshamani
Radhika Gupta,https://www.linkedin.com/in/radhikagupta-edelweiss,https://www.instagram.com/iradhikagupta
Ashneer Grover,https://www.linkedin.com/in/ashneergrover,https://www.instagram.com/ashneer.grover
Aman Gupta,https://www.linkedin.com/in/aman-gupta-boat,https://www.instagram.com/amangupta.boat
Kunal Shah,https://www.linkedin.com/in/kunalshah1,https://www.instagram.com/kunalshah
Deepinder Goyal,https://www.linkedin.com/in/deepigoyal,https://www.instagram.com/deepigoyal
Gary Vaynerchuk,https://www.linkedin.com/in/garyvaynerchuk,https://www.instagram.com/garyvee
Simon Sinek,https://www.linkedin.com/in/simonsinek,https://www.instagram.com/simonsinek
Bill Gates,https://www.linkedin.com/in/williamhgates,https://www.instagram.com/thisisbillgates
Satya Nadella,https://www.linkedin.com/in/satyanadella,https://www.instagram.com/satyanadella
Sundar Pichai,https://www.linkedin.com/in/sundarpichai,https://www.instagram.com/sundarpichai
Richard Branson,https://www.linkedin.com/in/rbranson,https://www.instagram.com/richardbranson
Arianna Huffington,https://www.linkedin.com/in/ariannahuffington,https://www.instagram.com/ariannahuff
Adam Grant,https://www.linkedin.com/in/adammgrant,https://www.instagram.com/adamgrant
Melinda French Gates,https://www.linkedin.com/in/melindagates,https://www.instagram.com/melindafrenchgates
Reid Hoffman,https://www.linkedin.com/in/reidhoffman,https://www.instagram.com/reidhoffman
Justin Welsh,https://www.linkedin.com/in/justinwelsh,https://www.instagram.com/justinwelsh
Ali Abdaal,https://www.linkedin.com/in/aliabdaal,https://www.instagram.com/aliabdaal
Alex Hormozi,https://www.linkedin.com/in/alexhormozi,https://www.instagram.com/hormozi
Codie Sanchez,https://www.linkedin.com/in/codiesanchez,https://www.instagram.com/codiesanchez
Jay Shetty,https://www.linkedin.com/in/jayshetty,https://www.instagram.com/jayshetty
Steven Bartlett,https://www.linkedin.com/in/stevenbartlett-123,https://www.instagram.com/steven
Whitney Wolfe Herd,https://www.linkedin.com/in/whitneywolfeherd,https://www.instagram.com/whitwolfeherd
Sara Blakely,https://www.linkedin.com/in/sarablakely,https://www.instagram.com/sarablakely
Mel Robbins,https://www.linkedin.com/in/melrobbins,https://www.instagram.com/melrobbins
Brene Brown,https://www.linkedin.com/in/brenebrown,https://www.instagram.com/brenebrown
Tony Robbins,https://www.linkedin.com/in/officialtonyrobbins,https://www.instagram.com/tonyrobbins
Mark Cuban,https://www.linkedin.com/in/mark-cuban-06a0755b,https://www.instagram.com/mcuban
Marie Forleo,https://www.linkedin.com/in/marieforleo,https://www.instagram.com/marieforleo
Lewis Howes,https://www.linkedin.com/in/lewishowes,https://www.instagram.com/lewishowes
Sahil Bloom,https://www.linkedin.com/in/sahilbloom,https://www.instagram.com/sahilbloom
Dan Martell,https://www.linkedin.com/in/danmartell,https://www.instagram.com/danmartell
Grant Cardone,https://www.linkedin.com/in/grantcardone,https://www.instagram.com/grantcardone
Daymond John,https://www.linkedin.com/in/daymondjohn,https://www.instagram.com/thesharkdaymond
Sophia Amoruso,https://www.linkedin.com/in/sophiaamoruso,https://www.instagram.com/sophiaamoruso
Tim Ferriss,https://www.linkedin.com/in/timferriss,https://www.instagram.com/timferriss
Harsh Goenka,https://www.linkedin.com/in/harshgoenka,https://www.instagram.com/hvgoenka
